0,tenant01,562786,1234008
1,tenant03,219970,1234009
2,tenant01,1204471,1234026
3,tenant02,176864,1234001
4,tenant03,439954,1234002
5,tenant01,821772,1234003
6,tenant02,1191708,1234004
7,tenant03,600014,1234005
8,tenant02,219970,1234006
9,tenant02,249209,1234007
10,tenant02,951239,1234010
11,tenant03,1228721,1234010
12,tenant02,1197469,1234011
13,tenant01,269797,1234011
14,tenant03,972689,1234012
15,tenant01,125358,1234012
16,tenant02,1197469,1234013
17,tenant01,219970,1234013
18,tenant02,1190881,1234014
19,tenant03,235313,1234014
20,tenant02,1073091,1234015
21,tenant02,249209,1234015
22,tenant01,1190881,1234016
23,tenant03,190559,1234016
24,tenant02,1236929,1234017
25,tenant03,377002,1234017
26,tenant01,150738,1234018
27,tenant03,542288,1234018
28,tenant03,190559,1234019
29,tenant03,1197469,1234019
30,tenant03,1073091,1234020
31,tenant01,176864,1234020
32,tenant01,821772,1234020
33,tenant02,887101,1234021
34,tenant01,600014,1234021
35,tenant02,794039,1234021
36,tenant02,219970,1234022
37,tenant02,562786,1234022
38,tenant02,794039,1234022
39,tenant03,269797,1234023
40,tenant03,521366,1234023
41,tenant01,951239,1234023
42,tenant02,1222497,1234024
43,tenant01,123123,1234024
44,tenant02,1177727,1234024
45,tenant03,542288,1234025
46,tenant03,1222497,1234025
47,tenant02,125358,1234025
48,tenant02,150738,1234027
49,tenant01,1197469,1234027
50,tenant01,439954,1234027
51,tenant03,249209,1234028
52,tenant03,439954,1234028
53,tenant01,951239,1234028
54,tenant03,542288,1234029
55,tenant01,249209,1234029
56,tenant03,972689,1234029
57,tenant03,1238628,1234030
58,tenant03,439954,1234030
59,tenant01,235313,1234030
60,tenant03,1190334,1234031
61,tenant01,887101,1234031
62,tenant01,377002,1234031
63,tenant03,521366,1234031
64,tenant01,269797,1234032
65,tenant01,176864,1234032
66,tenant02,493264,1234032
67,tenant01,235313,1234032
68,tenant03,300209,1234033
69,tenant03,140649,1234033
70,tenant01,794039,1234033
71,tenant01,493264,1234033
72,tenant03,269797,1234034
73,tenant01,1204471,1234034
74,tenant03,1228721,1234034
75,tenant03,377002,1234034
76,tenant01,725406,1234035
77,tenant03,794039,1234035
78,tenant03,1236929,1234035
79,tenant02,557806,1234035
80,tenant02,1228721,1234037
81,tenant02,140649,1234037
82,tenant03,964638,1234037
83,tenant01,190559,1234037
84,tenant01,269797,1234037
85,tenant01,1229391,1234037
86,tenant01,1193266,1234000
87,tenant03,1228721,1234000
88,tenant01,521366,1234000
89,tenant02,821772,1234000
90,tenant03,1067180,1234000
91,tenant03,976985,1234000
92,tenant03,125358,1234000
93,tenant02,1190881,1234000
94,tenant03,976985,1234036
95,tenant01,542288,1234036
96,tenant01,972689,1234036
97,tenant02,794039,1234036
98,tenant03,1051638,1234036
99,tenant01,964638,1234036
100,tenant02,300209,1234036
101,tenant01,1236929,1234036
102,tenant02,123123,1234036
103,tenant02,189979,1234036
